date,value
2021-09-27,-25.406233561197915
2021-09-28,-17.1795952758789
2021-09-29,-55.06953198242188
2021-09-30,-98.09829087320963
2021-10-01,-102.42349294026693
2021-10-02,-98.69432627360025
2021-10-03,-161.78724294026694
2021-10-04,-50.81948813883463
2021-10-05,-88.12420373535157
2021-10-06,-47.17329333496094
2021-10-07,94.4100911254883
2021-10-08,14.292111612955742
2021-10-09,-50.10913838704426
2021-10-10,-45.26413838704426
2021-10-11,-17.252293558756506
2021-10-12,-18.717449483235672
2021-10-13,-13.756918355305983
2021-10-14,-51.803148091634114
2021-10-15,-85.38641908772787
2021-10-16,-45.26141908772786
2021-10-17,-59.882252421061196
2021-10-18,-12.684010030110679
2021-10-19,-40.632198974609366
2021-10-20,-141.51157613118488
2021-10-21,-130.35242142740884
2021-10-22,-118.04438753255208
2021-10-23,-50.541470865885415
2021-10-24,-90.50730419921875
2021-10-25,-18.893691813151037
2021-10-26,-14.276112487792982
2021-10-27,-45.0328535970052
2021-10-28,-15.63081174723308
2021-10-29,-31.787462931315094
2021-10-30,-60.6074629313151
2021-10-31,-83.31439626464842
2021-11-01,-50.629996704101565
2021-11-02,53.49226416015624
2021-11-03,24.623676920572933
2021-11-04,9.994834431966131
2021-11-05,-3.3002268473307232
2021-11-06,-86.63189351399738
2021-11-07,-127.98106018066406
2021-11-08,3.6437380574544207
2021-11-09,2.318574645996083
2021-11-10,19.90254158528645
2021-11-11,24.5479444986979
2021-11-12,-0.7340767211913963
2021-11-13,-10.732826721191397
2021-11-14,1.6650899454752768
2021-11-15,51.205838968912744
2021-11-16,32.14427368164063
2021-11-17,-26.189628377278652
2021-11-18,-67.64896997070312
2021-11-19,-59.941690673828134
2021-11-20,-81.35794067382814
2021-11-21,-46.74002400716145
2021-11-22,47.90249353027343
2021-11-23,42.91913309733073
2021-11-24,68.87859796142577
2021-11-25,38.339847961425804
2021-11-26,-4.416749287923178
2021-11-27,10.104917378743469
2021-11-28,8.37366737874348
2021-11-29,62.13445865885414
2021-11-30,-78.78827498372397
2021-12-01,-118.1791190999349
2021-12-02,-12.419329935709644
2021-12-03,-46.61562359619141
2021-12-04,-0.3231235961914187
2021-12-05,-38.8756235961914
2021-12-06,67.12545764160154
2021-12-07,5.338610758463545
2021-12-08,-39.08831842041018
2021-12-09,58.47230993652346
2021-12-10,9.246974039713514
2021-12-11,6.814890706380204
2021-12-12,-47.41219262695312
2021-12-13,14.054020507812467
2021-12-14,21.077206583658878
2021-12-15,12.18458310953772
2021-12-16,39.66267777506514
2021-12-17,47.029050781249985
2021-12-18,-31.59761588541668
2021-12-19,-171.43761588541665
2021-12-20,19.258267313639355
2021-12-21,53.35380285644528
2021-12-22,52.94050000000003
2021-12-23,17.973763326009138
2021-12-24,-86.54332000732421
2021-12-25,-84.4595700073242
2021-12-26,-110.29540334065754
2021-12-27,-82.89071864827476
2021-12-28,-127.24375962320963
2021-12-29,-55.888502909342456
2021-12-30,-119.26183701578776
2021-12-31,-147.28928853352863
2022-01-01,-76.83887186686198
2022-01-02,-112.06345520019532
2022-01-03,-104.06987333170572
2022-01-04,-43.106127400716154
2022-01-05,-95.00351340738932
2022-01-06,-18.384737915039064
2022-01-07,-28.450374430338535
2022-01-08,-29.733707763671866
2022-01-09,-49.072041097005204
2022-01-10,73.81656892903646
2022-01-11,79.38344055175781
2022-01-12,64.59101719156901
2022-01-13,-9.417667663574218
2022-01-14,-14.004799051920582
2022-01-15,23.2281176147461
2022-01-16,-59.67146571858724
2022-01-17,-63.452299051920576
2022-01-18,60.503920227050784
2022-01-19,2.6344685262044045
2022-01-20,-51.62946913655598
2022-01-21,-17.36642338053387
2022-01-22,-0.8785067138671643
2022-01-23,17.058993286132836
2022-01-24,41.699419494628906
2022-01-25,91.2864123738607
2022-01-26,32.42517352294924
2022-01-27,-82.82963212076824
2022-01-28,-28.801676534016902
2022-01-29,-111.02042653401693
2022-01-30,-147.84917653401692
2022-01-31,6.6783462524413935
2022-02-01,-21.29283579508463
2022-02-02,-34.64388285319011
2022-02-03,12.890317240397138
2022-02-04,-53.53998813883463
2022-02-05,-97.01373813883464
2022-02-06,-133.1241548055013
2022-02-07,-94.90136966959636
2022-02-08,-37.16088887532551
2022-02-09,-2.5567326863606645
2022-02-10,24.64638911946614
2022-02-11,10.099291605631525
2022-02-12,-31.430708394368477
2022-02-13,-90.90320839436849
2022-02-14,-78.61659360758463
2022-02-15,-5.947750264485681
2022-02-16,-41.27447939046223
2022-02-17,-99.77124021402994
2022-02-18,-48.940918741861964
2022-02-19,-126.95216874186197
2022-02-20,-99.28675207519531
2022-02-21,-91.1517520751953
2022-02-22,-55.39748598225913
2022-02-23,-67.45484796142577
2022-02-24,-164.06768908691407
2022-02-25,-87.93785430908204
2022-02-26,17.53881235758464
2022-02-27,-25.4870209757487
2022-02-28,-6.925752441406264
2022-03-01,-17.619877258300775
2022-03-02,-67.79518920898437
2022-03-03,1.6495872395833509
2022-03-04,-41.00938604736331
2022-03-05,-55.38438604736331
2022-03-06,-58.98896938069663
2022-03-07,-57.40280749511722
2022-03-08,43.76741212972004
2022-03-09,118.63009334309898
2022-03-10,10.138332010904954
2022-03-11,-198.51628181966146
2022-03-12,-154.70544848632812
2022-03-13,-163.85753181966146
2022-03-14,35.78815325927734
2022-03-15,52.87869458007809
2022-03-16,23.01962491861978
2022-03-17,-2.0256121012369803
2022-03-18,1.7552031250000049
2022-03-19,-96.19271354166668
2022-03-20,-178.10188020833334
2022-03-21,-3.722220011393233
2022-03-22,21.856570149739593
2022-03-23,-14.068729125976535
2022-03-24,-2.145670084635416
2022-03-25,24.864915222167966
2022-03-26,-29.961334777832022
2022-03-27,-18.919921734353764
2022-03-28,-0.896123453776049
2022-03-29,15.50668314615886
2022-03-30,15.581321004231775
2022-03-31,-59.79287640380856
2022-04-01,-81.56452988688152
2022-04-02,-75.29202988688151
2022-04-03,-68.80911322021485
2022-04-04,-161.2434981892904
2022-04-05,-51.45135909016926
2022-04-06,-109.44447389729818
2022-04-07,-152.58347208658853
2022-04-08,-104.6185541788737
2022-04-09,-165.66188751220704
2022-04-10,-150.83313751220703
2022-04-11,6.007017700195291
2022-04-12,-37.28502331542968
2022-04-13,-5.510301493326839
2022-04-14,18.908200724283862
2022-04-15,-15.836799275716142
2022-04-16,-59.58596594238281
2022-04-17,-99.97929927571614
2022-04-18,-88.38203515625
2022-04-19,8.018028523763018
2022-04-20,-3.6418629557291666
2022-04-21,-19.065251078287766
2022-04-22,-35.89475705973309
2022-04-23,-115.07559039306642
2022-04-24,-99.8468403930664
2022-04-25,20.104506856282526
2022-04-26,14.676205851236979
2022-04-27,-9.775236958821605
2022-04-28,12.51688618977862
2022-04-29,11.681388875325528
2022-04-30,-15.068194458007806
2022-05-01,-21.601944458007804
2022-05-02,7.687054321289072
2022-05-03,1.2317647705078123
2022-05-04,5.472481933593741
2022-05-05,3.348672912597671
2022-05-06,3.432766581217436
2022-05-07,-20.498066752115903
2022-05-08,-50.10890008544922
2022-05-09,11.498811258951825
2022-05-10,-32.289495117187506
2022-05-11,-46.92017580159505
2022-05-12,-61.93904929606119
2022-05-13,-42.77055696614584
2022-05-14,-58.5897236328125
2022-05-15,-62.533473632812495
2022-05-16,7.720099060058576
2022-05-17,19.091160563151014
2022-05-18,0.4135793050129912
2022-05-19,11.365802347819013
2022-05-20,16.381141805013034
2022-05-21,-89.49135819498699
2022-05-22,-26.82135819498698
2022-05-23,4.534552469889313
2022-05-24,-23.497487792968755
2022-05-25,-16.16919653320312
2022-05-26,-122.1003812866211
2022-05-27,-145.00554378255208
2022-05-28,-154.92179378255207
2022-05-29,-35.43596044921874
2022-05-30,34.221956217447925
2022-05-31,4.067445068359362
2022-06-01,25.846041605631502
2022-06-02,2.4998734944661223
2022-06-03,-0.14489980061847518
2022-06-04,-22.196983133951818
2022-06-05,-43.112399800618505
2022-06-06,-91.60948742675781
2022-06-07,7.034783304850254
2022-06-08,13.869921305338565
2022-06-09,-1.8035284016927022
2022-06-10,3.184670064290362
2022-06-11,-47.86907993570962
2022-06-12,-65.61407993570964
2022-06-13,-18.414393513997396
2022-06-14,-16.420928385416676
2022-06-15,-46.55361869303387
2022-06-16,-64.1250971069336
2022-06-17,2.813811401367193
2022-06-18,-57.222438598632834
2022-06-19,-97.96535526529948
2022-06-20,14.754228068033857
2022-06-21,19.927514770507813
2022-06-22,51.938357869466174
2022-06-23,11.189776590983087
2022-06-24,0.06390972900391745
2022-06-25,-33.843173604329415
2022-06-26,-72.56525693766275
2022-06-27,40.444540283203104
2022-06-28,55.45158652750652
2022-06-29,18.60356162516275
2022-06-30,18.3328450317383
2022-07-01,1.0164305623372023
2022-07-02,-94.44565277099608
2022-07-03,-113.26273610432943
2022-07-04,-19.478152770996108
2022-07-05,-28.860152872721322
2022-07-06,-55.58560872395834
2022-07-07,-170.39908770751953
2022-07-08,-71.58747450764974
2022-07-09,-219.3653911743164
2022-07-10,-252.3391411743164
2022-07-11,26.53867083740237
2022-07-12,15.338623107910209
2022-07-13,-25.646779541015626
2022-07-14,0.608387369791636
2022-07-15,-6.057708902994779
2022-07-16,-161.1689589029948
2022-07-17,-114.12437556966147
2022-07-18,64.79070511881507
2022-07-19,71.28021464029943
2022-07-20,6.550675069173192
2022-07-21,69.41901745605473
2022-07-22,42.0059735107422
2022-07-23,-10.459859822591161
2022-07-24,-74.81694315592448
2022-07-25,-59.222664123535125
2022-07-26,-98.90676125081379
2022-07-27,-1.815465596516976
2022-07-28,59.2639073079427
2022-07-29,40.61329309082035
2022-07-30,-17.262540242513044
2022-07-31,-80.24379024251303
2022-08-01,6.4699745890299525
2022-08-02,-46.58317132568361
2022-08-03,-30.682708150227878
2022-08-04,-1.5661787516276071
2022-08-05,-29.610044311523463
2022-08-06,-136.11212764485677
2022-08-07,-194.99629431152346
2022-08-08,-43.824948628743506
2022-08-09,-57.10840836588538
2022-08-10,-93.60136895751955
2022-08-11,-66.2165676066081
2022-08-12,6.314810139973972
2022-08-13,-52.73852319335943
2022-08-14,-100.02768986002606
2022-08-15,-31.868217325846363
2022-08-16,20.524433512369725
2022-08-17,81.29368713378905
2022-08-18,62.77792388916015
2022-08-19,6.989876668294269
2022-08-20,-50.133456665039006
2022-08-21,-143.9751233317057
2022-08-22,-7.80990106201169
2022-08-23,49.200293924967475
2022-08-24,22.58007859293623
2022-08-25,-60.2420664876302
2022-08-26,3.643238138834576
2022-08-27,-87.95926186116539
2022-08-28,-294.7655118611653
2022-08-29,96.33898234049485
2022-08-30,138.21073730468754
2022-08-31,108.56947780354824
2022-09-01,69.17824167887366
2022-09-02,-22.838927246093753
2022-09-03,-157.3401772460938
2022-09-04,-202.37934391276042
2022-09-05,-87.63767724609379
2022-09-06,-77.03956109619139
2022-09-07,20.09975596110023
2022-09-08,-11.769716837565092
2022-09-09,-82.67944750976564
2022-09-10,-24.061530843098993
2022-09-11,-36.89028084309895
2022-09-12,11.730039021809867
2022-09-13,-19.441518798828177
2022-09-14,5.094222656250027
2022-09-15,-74.20721573893229
2022-09-16,-189.49205220540364
2022-09-17,-321.92205220540365
2022-09-18,-312.756635538737
2022-09-19,-117.50503625488284
2022-09-20,-39.71732598876952
2022-09-21,-13.841114827473989
2022-09-22,-1.338708028157594
2022-09-23,-16.090323567708296
2022-09-24,-34.473729364809785
2022-09-25,-107.91782356770834
2022-09-26,-115.48411932373048
2022-09-27,-75.54678476969403
2022-09-28,-41.595786702473916
2022-09-29,28.24261653645835
2022-09-30,-75.80335638427736
2022-10-01,-308.4691897176107
2022-10-02,-276.543773050944
2022-10-03,-144.33371840413412
2022-10-04,-91.6476633911133
2022-10-05,-258.1247857666016
2022-10-06,-264.81534173583987
2022-10-07,-162.66992095947265
2022-10-08,-181.222004292806
2022-10-09,-179.83533762613934
2022-10-10,-160.01959271240233
2022-10-11,-67.52874194335935
2022-10-12,-51.7140910441081
2022-10-13,-64.45897757975257
2022-10-14,-37.379995096842464
2022-10-15,-141.39124509684245
2022-10-16,-202.16499509684243
2022-10-17,-117.39998376464843
2022-10-18,-57.38138301595051
2022-10-19,-70.41777404785158
2022-10-20,-127.86872951253255
2022-10-21,-77.94727246093748
2022-10-22,-101.53018912760416
2022-10-23,-145.6468557942708
2022-10-24,-132.4261799519857
2022-10-25,-109.57331382242837
2022-10-26,-102.63392594401043
2022-10-27,-106.04927514648436
2022-10-28,-135.13306591796874
2022-10-29,-139.58764925130208
2022-10-30,-124.10576591796875
2022-10-31,-117.4490145263672
2022-11-01,-179.06060186767576
2022-11-02,-195.0668114827474
2022-11-03,-163.01958978271483
2022-11-04,-66.43572233072915
2022-11-05,-112.68572233072918
2022-11-06,-193.8790556640625
2022-11-07,-158.85906087239584
2022-11-08,-156.55494278971355
2022-11-09,-114.48060455322266
2022-11-10,-104.82213407389322
2022-11-11,-85.99592020670573
2022-11-12,-49.1175868733724
2022-11-13,-66.48842020670574
2022-11-14,-82.11885786946615
2022-11-15,-86.66596289062498
2022-11-16,-99.4183759358724
2022-11-17,-140.39491617838542
2022-11-18,-75.07635142008463
2022-11-19,-47.48885142008466
2022-11-20,-35.8267680867513
2022-11-21,6.324290018717441
2022-11-22,-50.634450439453126
2022-11-23,-96.78917384847006
2022-11-24,-37.307090515136714
2022-11-25,-6.736698994954416
2022-11-26,-25.490032328287775
2022-11-27,-118.01419899495443
2022-11-28,29.476830912272128
2022-11-29,91.0845895385742
2022-11-30,84.24503743489585
2022-12-01,98.96252856445315
2022-12-02,50.79639408365884
2022-12-03,-6.484855916341157
2022-12-04,-19.900272583007816
2022-12-05,54.74179624430337
2022-12-06,92.24943314615885
2022-12-07,9.083586039225278
2022-12-08,92.39028869628903
2022-12-09,115.56791054280598
2022-12-10,59.168327209472636
2022-12-11,31.291243876139337
2022-12-12,143.1850200398763
2022-12-13,151.84297336832685
2022-12-14,163.5983103841146
2022-12-15,110.320182800293
2022-12-16,163.50951708984377
2022-12-17,21.164933756510447
2022-12-18,-58.04464957682289
2022-12-19,-42.05705786132812
2022-12-20,-42.77674013264972
2022-12-21,2.035938639322911
2022-12-22,-8.490764139811208
2022-12-23,2.642434631347644
2022-12-24,-71.37964870198567
2022-12-25,-77.23506536865234
2022-12-26,-142.71381536865235
2022-12-27,-85.55215248616537
2022-12-28,-130.61227268473306
2022-12-29,-167.78925366210936
2022-12-30,-151.42554866536457
2022-12-31,-166.84304866536456
2023-01-01,-151.1376319986979
2023-01-02,-42.23096533203126
2023-01-03,-12.072302591959652
2023-01-04,-83.85721962483724
2023-01-05,-50.250177754720056
2023-01-06,-34.44521915690103
2023-01-07,-63.10980249023439
2023-01-08,-82.9768858235677
2023-01-09,-32.56033723958334
2023-01-10,-30.248542073567698
2023-01-11,-59.67516800944011
2023-01-12,-76.156199605306
2023-01-13,-76.21150986735026
2023-01-14,-113.50942653401692
2023-01-15,-133.59442653401692
2023-01-16,-14.104843200683593
2023-01-17,0.22610569254556978
2023-01-18,6.692810058593745
2023-01-19,13.06807250976563
2023-01-20,33.078298421223955
2023-01-21,-3.189618245442695
2023-01-22,3.5695484212239634
2023-01-23,57.01712601725259
2023-01-24,72.67875504557291
2023-01-25,54.69568391927081
2023-01-26,43.767713195800795
2023-01-27,43.73589135742186
2023-01-28,19.673391357421863
2023-01-29,-1.4374419759114527
2023-01-30,-50.26992584228515
2023-01-31,-11.936735432942703
2023-02-01,-40.96472401936849
2023-02-02,7.405544779459644
2023-02-03,-27.83932615152995
2023-02-04,15.561090515136708
2023-02-05,0.916507181803393
2023-02-06,42.452210957845054
2023-02-07,47.911700805664076
2023-02-08,30.592023457845073
2023-02-09,12.816581013997412
2023-02-10,3.651159586588541
2023-02-11,-16.00384041341146
2023-02-12,14.036992919921879
2023-02-13,45.75232904052735
2023-02-14,35.49771293131511
2023-02-15,19.597410400390636
2023-02-16,17.908286376953143
2023-02-17,-31.63907521565756
2023-02-18,-18.115325215657553
2023-02-19,1.265924784342456
2023-02-20,-51.37115854899089
2023-02-21,10.299593587239576
2023-02-22,32.92439530436199
2023-02-23,29.877218546549486
2023-02-24,1.5748987426757761
2023-02-25,-27.437184590657544
2023-02-26,-6.90551792399088
2023-02-27,42.61802443440756
2023-02-28,39.792598449707015
2023-03-01,33.98097389729818
2023-03-02,36.18114963785808
2023-03-03,32.322951477050765
2023-03-04,3.030868143717459
2023-03-05,17.345868143717457
2023-03-06,51.89412070719402
2023-03-07,5.481519083658847
2023-03-08,39.30841526285806
2023-03-09,24.91684800211589
2023-03-10,-5.394327392578129
2023-03-11,-22.40307739257812
2023-03-12,-25.47557739257811
2023-03-13,-76.82243288167318
2023-03-14,-31.444819132486977
2023-03-15,27.912186055501294
2023-03-16,3.055784688313805
2023-03-17,-7.24009716796874
2023-03-18,9.74990283203124
2023-03-19,12.404486165364576
2023-03-20,32.62723575846354
2023-03-21,15.970416442871104
2023-03-22,-13.97687972005209
2023-03-23,-26.279378763834643
2023-03-24,-43.05617020670573
2023-03-25,-81.50575354003905
2023-03-26,-25.54809049656081
2023-03-27,-6.802626871744797
2023-03-28,13.409332702636723
2023-03-29,16.61428391520183
2023-03-30,-20.2653285929362
2023-03-31,-12.687453002929688
2023-04-01,-54.515369669596346
2023-04-02,-42.950369669596355
2023-04-03,-3.005684773763022
2023-04-04,24.00750124104817
2023-04-05,36.74102530924479
2023-04-06,23.005463277180986
2023-04-07,7.351296610514332
2023-04-08,15.61504661051432
2023-04-09,3.7683799438476555
2023-04-10,-61.267737284342445
2023-04-11,-42.49762556966145
2023-04-12,6.829777526855464
2023-04-13,9.209672485351556
2023-04-14,31.54599641927082
2023-04-15,9.547246419270833
2023-04-16,12.849746419270828
2023-04-17,27.17719569905599
2023-04-18,7.6750167032877545
2023-04-19,-8.09824784342448
2023-04-20,15.878333251953123
2023-04-21,-5.4221229858398345
2023-04-22,-10.430039652506508
2023-04-23,-9.096289652506513
2023-04-24,10.309334859212246
2023-04-25,7.188009521484364
2023-04-26,19.48763539632163
2023-04-27,19.736790852864576
2023-04-28,14.59373665364583
2023-04-29,9.23665332031251
2023-04-30,-23.122930013020838
2023-05-01,-4.235312825520834
2023-05-02,16.672851623535152
2023-05-03,20.177146728515623
2023-05-04,12.290544026692695
2023-05-05,8.910637207031247
2023-05-06,2.385220540364589
2023-05-07,-20.15686279296875
2023-05-08,8.62945935058594
2023-05-09,8.591995646158857
2023-05-10,23.526309265136717
2023-05-11,31.9078163248698
2023-05-12,20.741694091796884
2023-05-13,-1.411222574869786
2023-05-14,-7.762055908203127
2023-05-15,35.165858988444015
2023-05-16,1.496457926432294
2023-05-17,0.550231994628902
2023-05-18,12.907846354166667
2023-05-19,12.676261525472002
2023-05-20,-27.79915514119466
2023-05-21,-46.14415514119466
2023-05-22,23.866369171142576
2023-05-23,0.7424546000162717
2023-05-24,33.00637318929036
2023-05-25,17.229360839843743
2023-05-26,7.449606424967449
2023-05-27,0.13710642496744185
2023-05-28,-35.98122690836588
2023-05-29,-41.08206024169922
2023-05-30,25.088270263671873
2023-05-31,5.3287019958496185
2023-06-01,13.49057499186197
2023-06-02,20.53418809000651
2023-06-03,-4.115395243326823
2023-06-04,-10.809561909993484
2023-06-05,20.29548177083334
2023-06-06,35.090204996744795
2023-06-07,34.671234303792325
2023-06-08,16.941997782389322
2023-06-09,8.638549865722645
2023-06-10,-22.917700134277347
2023-06-11,-37.29853346761068
2023-06-12,20.066751403808603
2023-06-13,3.392765340169275
2023-06-14,11.407903401692721
2023-06-15,22.937692586263026
2023-06-16,42.60000115966797
2023-06-17,19.61833449300131
2023-06-18,8.104584493001308
2023-06-19,32.052917826334635
2023-06-20,28.59565924072265
2023-06-21,35.0975663248698
2023-06-22,42.67212969970704
2023-06-23,27.025529724121093
2023-06-24,2.4363630574544377
2023-06-25,-3.8973869425455714
2023-06-26,19.334783131917312
2023-06-27,18.412969299316412
2023-06-28,30.417992940266927
2023-06-29,33.972352498372395
2023-06-30,21.8661060587565
2023-07-01,-21.745977274576816
2023-07-02,-142.0313939412435
2023-07-03,-28.481327982584638
2023-07-04,3.4211720174153655
2023-07-05,-12.514995137532553
2023-07-06,28.936743794759114
2023-07-07,22.381195048014323
2023-07-08,1.6049450480143186
2023-07-09,8.745361714680985
2023-07-10,39.7837712097168
2023-07-11,34.006474344889334
2023-07-12,20.418460571289057
2023-07-13,30.46047952270507
2023-07-14,30.958682149251302
2023-07-15,-32.684651184082036
2023-07-16,-51.4788178507487
2023-07-17,17.55242971801758
2023-07-18,38.040822957356774
2023-07-19,29.00964397176108
2023-07-20,26.025071319580086
2023-07-21,33.517601165771474
2023-07-22,5.851767832438151
2023-07-23,-39.959065500895186
2023-07-24,15.023521362304674
2023-07-25,24.366745320638024
2023-07-26,22.176983815511058
2023-07-27,22.46676974487304
2023-07-28,29.804207010904953
2023-07-29,10.560457010904946
2023-07-30,-34.36037632242839
2023-07-31,-0.0633120015462243
2023-08-01,11.242077891031895
2023-08-02,-2.863604268391919
2023-08-03,-29.276215250651042
2023-08-04,27.09226143391927
2023-08-05,18.80476143391926
2023-08-06,-13.592738566080731
2023-08-07,-55.27970241292317
2023-08-08,-63.966916636149094
2023-08-09,-5.185574340820317
2023-08-10,14.153780151367187
2023-08-11,15.786567911783848
2023-08-12,-4.522598754882807
2023-08-13,-19.448848754882818
2023-08-14,20.457111124674483
2023-08-15,1.9834666544596402
2023-08-16,21.133641866048166
2023-08-17,23.55921881103515
2023-08-18,22.053520080566415
2023-08-19,-2.144396586100255
2023-08-20,3.185603413899729
2023-08-21,25.382440511067696
2023-08-22,23.01720149739584
2023-08-23,58.657942077636726
2023-08-24,69.15207399495442
2023-08-25,32.77067287190756
2023-08-26,13.025256205240886
2023-08-27,18.40900620524088
2023-08-28,27.944720235188804
2023-08-29,38.54079016113282
2023-08-30,28.834378784179698
2023-08-31,20.19210868326823
2023-09-01,23.3978251139323
2023-09-02,9.95949178059895
2023-09-03,-2.5263415527343813
2023-09-04,23.2715751139323
2023-09-05,20.910320821126305
2023-09-06,29.770954691569003
2023-09-07,21.81935097249349
2023-09-08,25.694444661458327
2023-09-09,8.980277994791669
2023-09-10,2.7652779947916653
2023-09-11,67.60452062988283
2023-09-12,48.594406351725276
2023-09-13,22.55418375651042
2023-09-14,35.81109623209636
2023-09-15,21.72527058919271
2023-09-16,8.739853922526045
2023-09-17,1.154853922526037
2023-09-18,12.99778271484376
2023-09-19,-49.44038293457031
2023-09-20,-38.641444295247396
2023-09-21,11.213101196289067
2023-09-22,10.622092488606777
2023-09-23,6.163342488606768
2023-09-24,-25.841023453422217
2023-09-25,3.292707763671869
2023-09-26,34.725802246093764
2023-09-27,32.64124713134766
2023-09-28,19.65606343587239
2023-09-29,8.260323954264315
2023-09-30,-5.5109260457356655
2023-10-01,-22.969676045735675
2023-10-02,26.280258890787763
2023-10-03,-64.16763885498047
2023-10-04,-20.755680338541673
2023-10-05,15.917724527994793
2023-10-06,-18.226507873535148
2023-10-07,-44.87359120686848
2023-10-08,0.8147421264648429
2023-10-09,14.64339442952473
2023-10-10,-0.3319471638997342
2023-10-11,-46.049001586914066
2023-10-12,2.9272493693033805
2023-10-13,-53.335666381835935
2023-10-14,-95.2135830485026
2023-10-15,-82.1248330485026
2023-10-16,23.12667138671874
2023-10-17,18.789767130533853
2023-10-18,-16.58349753824869
2023-10-19,-20.404051208496096
2023-10-20,-28.47085213216146
2023-10-21,-61.38793546549479
2023-10-22,-51.75960213216146
2023-10-23,9.102724039713534
2023-10-24,6.092073567708333
2023-10-25,11.139914265950527
2023-10-26,6.427900675455728
2023-10-27,4.037997009277353
2023-10-28,-30.946169657389326
2023-10-29,-91.28160299072266
2023-10-30,-21.499911376953122
2023-10-31,-4.37992053222656
2023-11-01,-45.847906717936205
2023-11-02,-50.74167207845052
2023-11-03,-52.87004219563802
2023-11-04,-84.62712552897136
2023-11-05,-79.5317088623047
2023-11-06,-30.826175191243486
2023-11-07,-5.502084574381506
2023-11-08,-14.978890686035161
2023-11-09,-12.350645894368489
2023-11-10,-12.661970275878907
2023-11-11,-9.91738694254557
2023-11-12,-8.71863694254558
2023-11-13,-14.136634969075525
2023-11-14,-43.31672658284504
2023-11-15,-5.38880116780599
2023-11-16,12.41216861979166
2023-11-17,17.714594868977855
2023-11-18,-12.229571797688807
2023-11-19,-65.43040513102214
2023-11-20,0.9296245930989677
2023-11-21,21.762095967610676
2023-11-22,7.064394632975246
2023-11-23,-44.90860677083333
2023-11-24,-43.02195355224609
2023-11-25,-12.296536885579416
2023-11-26,9.457629781087247
2023-11-27,13.309134684244796
2023-11-28,23.19309387207032
2023-11-29,46.33459482828777
2023-11-30,71.69223807779947
2023-12-01,56.44697357177735
2023-12-02,16.45572357177733
2023-12-03,4.769056905110663
2023-12-04,18.80975687662761
2023-12-05,25.614501159667967
2023-12-06,38.42817710367838
2023-12-07,24.076806660970043
2023-12-08,14.026784749348952
2023-12-09,-11.238215250651034
2023-12-10,-33.780298583984376
2023-12-11,-5.522122945149745
2023-12-12,24.191925496419287
2023-12-13,8.761313008626308
2023-12-14,24.874953613281235
2023-12-15,14.40797764078776
2023-12-16,-8.132439025878899
2023-12-17,-28.11035569254557
2023-12-18,-5.338952107747387
2023-12-19,-1.1964987589518152
2023-12-20,-17.67779925537109
2023-12-21,-56.17486122639974
2023-12-22,-58.85184562174479
2023-12-23,-50.76434562174479
2023-12-24,-84.87851228841146
2023-12-25,-81.10059562174479
2023-12-26,-64.91503629557292
2023-12-27,-23.608147867838536
2023-12-28,-62.913119140625
2023-12-29,-71.76873423258463
2023-12-30,-44.0729008992513
2023-12-31,-68.2254008992513
2024-01-01,-61.946650899251296
2024-01-02,-20.99114789835612
2024-01-03,-33.48683673095702
2024-01-04,5.5885596313476675
2024-01-05,9.178659403483064
2024-01-06,6.532826070149735
2024-01-07,4.134909403483075
2024-01-08,26.45822331746418
2024-01-09,35.50858183797202
2024-01-10,37.516768076578764
2024-01-11,35.86255762736003
2024-01-12,30.161464833577476
2024-01-13,-1.3152018330891977
2024-01-14,0.27104816691080913
2024-01-15,10.61354816691081
2024-01-16,30.020475718180343
2024-01-17,32.55818607584636
2024-01-18,25.350890533447263
2024-01-19,9.963901540120448
2024-01-20,5.116401540120451
2024-01-21,-18.286931793212894
2024-01-22,-16.201956797281902
2024-01-23,-13.743015513102216
2024-01-24,-36.61412459309896
2024-01-25,10.81944906616211
2024-01-26,-8.517224110921223
2024-01-27,0.606109222412119
2024-01-28,-8.464307444254555
2024-01-29,13.27691709391276
2024-01-30,7.537881978352866
2024-01-31,3.868981831868485
2024-02-01,2.4765552266438764
2024-02-02,-8.619711456298832
2024-02-03,-34.31054478963216
2024-02-04,-55.50346145629883
2024-02-05,-32.377966013590495
2024-02-06,-23.498363698323573
2024-02-07,11.328061909993487
2024-02-08,21.770553120930984
2024-02-09,5.159275675455728
2024-02-10,6.768859008789061
2024-02-11,-3.3969743245442707
2024-02-12,12.37878653971354
2024-02-13,10.536715159098314
2024-02-14,7.6420056559244856
2024-02-15,9.558690765380858
2024-02-16,0.5420159403483087
2024-02-17,6.135349273681642
2024-02-18,-7.333817392985024
2024-02-19,4.7703492736816475
2024-02-20,4.303654713948571
2024-02-21,-1.0348220113118511
2024-02-22,-5.9740679728190145
2024-02-23,-12.648356669108068
2024-02-24,0.8128933308919244
2024-02-25,4.708309997558594
2024-02-26,7.6666516927083315
2024-02-27,14.277209350585931
2024-02-28,9.653650756835944
2024-02-29,2.6214305419921935
2024-03-01,8.535653218587242
2024-03-02,1.741069885253907
2024-03-03,-2.0055967814127627
2024-03-04,11.206716349283857
2024-03-05,8.433889007568366
2024-03-06,18.599479217529293
2024-03-07,13.138245310465498
2024-03-08,-1.5095540669759053
2024-03-09,-18.22788740030924
2024-03-10,-29.842054066975916
2024-03-11,11.031349670410155
2024-03-12,26.061154012044284
2024-03-13,12.151209991455076
2024-03-14,4.10030692545573
2024-03-15,-9.177277801513673
2024-03-16,-14.716027801513667
2024-03-17,-3.2626944681803405
2024-03-18,12.415535715738931
2024-03-19,12.622958475748693
2024-03-20,24.649635843912762
2024-03-21,17.45767922973633
2024-03-22,1.6654750264485738
2024-03-23,-29.297441640218096
2024-03-24,-41.001191640218096
2024-03-25,15.983402608235668
2024-03-26,0.5388235066731735
2024-03-27,9.569865976969401
2024-03-28,-14.650513722737635
2024-03-29,-28.2371803894043
2024-03-30,-12.75051372273763
2024-03-31,-10.55446299809995
2024-04-01,-30.130650024414063
2024-04-02,-30.036215037027997
2024-04-03,25.394597300211576
2024-04-04,1.236171447753911
2024-04-05,-17.754835133870436
2024-04-06,-34.60316846720378
2024-04-07,-43.58191846720377
2024-04-08,17.672661244710287
2024-04-09,-8.227899383544923
2024-04-10,4.387055735270179
2024-04-11,-11.905251617431636
2024-04-12,-12.716047312418624
2024-04-13,-59.84729731241862
2024-04-14,-56.91854731241862
2024-04-15,-4.086619354248038
2024-04-16,-22.410642537434896
2024-04-17,27.35667037963868
2024-04-18,19.045366780598965
2024-04-19,-14.58448189290365
2024-04-20,-15.163648559570309
2024-04-21,-18.25156522623698
2024-04-22,28.2370413208008
2024-04-23,29.221933980305984
2024-04-24,24.521607340494786
2024-04-25,19.15084340413413
2024-04-26,16.818887644449866
2024-04-27,-7.456529022216801
2024-04-28,-56.637362355550124
2024-04-29,13.152927591959633
2024-04-30,-0.8143333943684805
2024-05-01,-64.97202309163411
2024-05-02,-37.86363298543294
2024-05-03,4.351983296712243
2024-05-04,1.6894832967122344
2024-05-05,-19.301350036621095
2024-05-06,16.971498809814463
2024-05-07,18.597581634521493
2024-05-08,18.189014211018886
2024-05-09,-12.501356882731114
2024-05-10,3.5598417358398393
2024-05-11,-18.779324930826817
2024-05-12,-70.64890826416016
2024-05-13,-24.91853495279948
2024-05-14,-43.89844475301106
2024-05-15,-28.760875620524082
2024-05-16,-23.434528045654293
2024-05-17,-4.970841420491533
2024-05-18,-18.1800080871582
2024-05-19,-21.480841420491537
2024-05-20,-11.411072743733719
2024-05-21,0.7965306599934898
2024-05-22,3.9694633992513015
2024-05-23,10.333195048014316
2024-05-24,20.83024381510416
2024-05-25,-9.10767285156249
2024-05-26,-23.4339228515625
2024-05-27,25.51774381510416
2024-05-28,10.674866434733072
2024-05-29,-1.483417073567713
2024-05-30,14.10871765136719
2024-05-31,7.949964131673179
2024-06-01,-22.321285868326825
2024-06-02,-58.029202534993495
2024-06-03,32.27046622721354
2024-06-04,27.191905008951828
2024-06-05,2.7266478068033813
2024-06-06,6.557098632812506
2024-06-07,4.639894571940101
2024-06-08,-32.53677209472656
2024-06-09,-51.250105428059896
2024-06-10,11.886890991210947
2024-06-11,-19.078236979166668
2024-06-12,8.370931945800793
2024-06-13,11.084545735677086
2024-06-14,-4.2702808837890665
2024-06-15,-75.02153088378907
2024-06-16,-61.26069755045573
2024-06-17,13.997982055664053
2024-06-18,14.838331807454432
2024-06-19,2.9537484741210935
2024-06-20,12.914427978515624
2024-06-21,17.471931966145835
2024-06-22,-27.44431803385417
2024-06-23,-29.618901367187494
2024-06-24,12.112613566080737
2024-06-25,-6.0235083414713575
2024-06-26,23.50552421061198
2024-06-27,10.796098795572922
2024-06-28,-17.884302754720046
2024-06-29,-10.381386088053391
2024-06-30,-37.162219421386716
2024-07-01,12.850432393391927
2024-07-02,5.9713037516276
2024-07-03,9.868336608886722
2024-07-04,-49.655413391113285
2024-07-05,-41.452352966308595
2024-07-06,-71.08651963297525
2024-07-07,-56.7973529663086
2024-07-08,11.685254231770832
2024-07-09,2.9631416625976517
2024-07-10,5.575665873209639
2024-07-11,17.15432442220053
2024-07-12,15.161034169514986
2024-07-13,-46.744799163818364
2024-07-14,-51.05146583048502
2024-07-15,3.1753292236328132
2024-07-16,-27.02091207885742
2024-07-17,0.9692273966471348
2024-07-18,13.81638743082683
2024-07-19,10.002373718261724
2024-07-20,-13.905126281738282
2024-07-21,-21.568042948404944
2024-07-22,16.118168792724603
2024-07-23,4.752043599446623
2024-07-24,-11.207016540527347
2024-07-25,4.075981567382817
2024-07-26,14.30037946573894
2024-07-27,4.187462799072263
2024-07-28,-30.62378720092773
2024-07-29,-7.861521972656259
2024-07-30,-3.10503684488933
2024-07-31,-4.147896952311196
2024-08-01,8.795286010742181
2024-08-02,8.476807149251288
2024-08-03,-10.046109517415358
2024-08-04,-23.243609517415365
2024-08-05,16.995927185058598
2024-08-06,1.612802062988285
2024-08-07,3.915102681477862
2024-08-08,0.8757814534505233
2024-08-09,-39.44963682047526
2024-08-10,-42.91963682047526
2024-08-11,-38.04922015380859
2024-08-12,0.510010823567713
2024-08-13,8.623294698079423
2024-08-14,17.88666149902344
2024-08-15,-5.883493591308591
2024-08-16,16.507387817382806
2024-08-17,1.7044711507161452
2024-08-18,-3.2946955159505222
2024-08-19,16.134087951660163
2024-08-20,3.796481587727863
2024-08-21,-33.610582804361975
2024-08-22,-22.30904032389323
2024-08-23,-46.84435809326172
2024-08-24,-36.16019142659505
2024-08-25,-64.10560809326172
2024-08-26,12.140459757486987
2024-08-27,1.129358988444018
2024-08-28,6.661219421386718
2024-08-29,23.480190022786466
2024-08-30,14.799655883789066
2024-08-31,-12.791594116210936
2024-09-01,-30.18992744954427
2024-09-02,23.235905883789066
2024-09-03,72.02032185872395
2024-09-04,42.416825602213535
2024-09-05,-19.73572255452474
2024-09-06,-8.581156962076825
2024-09-07,-5.291573628743485
2024-09-08,-15.710323628743488
2024-09-09,13.296193135579431
2024-09-10,-23.102532653808595
2024-09-11,-3.0136929117838562
2024-09-12,30.364329549153638
2024-09-13,7.8402792154947765
2024-09-14,-29.138887451171875
2024-09-15,-20.84638745117188
2024-09-16,17.815010854085294
2024-09-17,6.215525065104163
2024-09-18,-4.04971467081705
2024-09-19,0.18066983032225714
2024-09-20,-7.109653737386074
2024-09-21,-10.452153737386075
2024-09-22,-4.294653737386062
2024-09-23,37.40002270507812
2024-09-24,9.57974988456395
2024-09-25,-11.109580291748049
2024-09-26,-32.483161916097
2024-09-27,-73.20969668579102
2024-09-28,-58.896363352457676
2024-09-29,-29.62094668579102
2024-09-30,-56.41596071370443
2024-10-01,-22.122677703857427
2024-10-02,7.282642201741535
2024-10-03,-18.480484079996742
2024-10-04,2.86830458577475
2024-10-05,-7.327528747558604
2024-10-06,-38.363362080891925
2024-10-07,-8.128159271240236
2024-10-08,2.2951494547526003
2024-10-09,-5.004099487304693
2024-10-10,-32.48965884399415
2024-10-11,3.7821599019368506
2024-10-12,-35.04742343139648
2024-10-13,-83.31367343139648
2024-10-14,12.666493896484383
2024-10-15,3.2640446370442593
2024-10-16,-54.979352539062496
2024-10-17,-19.300902770996096
2024-10-18,12.277432952880867
2024-10-19,-4.480067047119141
2024-10-20,-54.482150380452474
2024-10-21,-8.471613047281894
2024-10-22,10.209626454671225
2024-10-23,17.574744333903
2024-10-24,5.5252485148112065
2024-10-25,13.847592244466135
2024-10-26,2.8505089111328132
2024-10-27,-8.534241088867184
2024-10-28,14.522041768391924
2024-10-29,43.5866380411784
2024-10-30,31.101056742350274
2024-10-31,12.97374113972981
2024-11-01,-14.904078277587889
2024-11-02,16.794671722412115
2024-11-03,3.4700883890787786
2024-11-04,33.45721590169271
2024-11-05,72.10227850341796
2024-11-06,138.63124902343748
2024-11-07,65.08800087483723
2024-11-08,16.493405985514322
2024-11-09,17.57840598551433
2024-11-10,17.273405985514323
2024-11-11,22.27949589029948
2024-11-12,65.81851481119791
2024-11-13,51.16849926757813
2024-11-14,17.961948282877604
2024-11-15,19.656322540283206
2024-11-16,-10.157427459716795
2024-11-17,-41.032010793050134
2024-11-18,-0.9083067220052055
2024-11-19,21.0976215209961
2024-11-20,9.93515038045246
2024-11-21,15.02791385904949
2024-11-22,5.7644834696451905
2024-11-23,-29.518433197021487
2024-11-24,-101.57218319702149
2024-11-25,-52.113340281168625
2024-11-26,6.802863789876289
2024-11-27,14.9724548441569
2024-11-28,-8.939628489176428
2024-11-29,23.09647504679362
2024-11-30,-2.911024953206386
2024-12-01,-12.55852495320638
2024-12-02,0.3489593607584709
2024-12-03,35.54640483601887
2024-12-04,77.13476407877604
2024-12-05,1.9631558736165395
2024-12-06,-17.949255442301446
2024-12-07,-32.81550544230143
2024-12-08,-5.255505442301438
2024-12-09,-1.2765089721679654
2024-12-10,47.475633666992195
2024-12-11,165.80336603800458
2024-12-12,298.70914801025384
2024-12-13,85.10664941406247
2024-12-14,7.867066080729174
2024-12-15,-46.51126725260417
2024-12-16,-42.70972754923503
2024-12-17,-7.868204172770186
2024-12-18,-36.97055643717448
2024-12-19,-44.3506352335612
2024-12-20,-22.091308634440104
2024-12-21,-76.3288086344401
2024-12-22,-75.5300586344401
2024-12-23,-42.361486450195315
2024-12-24,0.6356121826171854
2024-12-25,-3.225637817382813
2024-12-26,11.08928520711263
2024-12-27,15.664252014160153
2024-12-28,16.596335347493493
2024-12-29,-0.7615813191731764
2024-12-30,-27.75272553507487
2024-12-31,-46.461579681396486
2025-01-01,-107.60949634806315
2025-01-02,-18.518174173990886
2025-01-03,-20.339489878336593
2025-01-04,10.513010121663415
2025-01-05,-38.042823211669926
2025-01-06,-80.38105056762696
2025-01-07,-47.40686104329427
2025-01-08,2.9067834472656138
2025-01-09,21.054530639648437
2025-01-10,11.864621215820321
2025-01-11,1.327537882486979
2025-01-12,9.50253788248699
2025-01-13,21.845743296305354
2025-01-14,22.185262695312495
2025-01-15,117.37580899047849
2025-01-16,44.86226115926106
2025-01-17,41.64785103352864
2025-01-18,29.478684366861984
2025-01-19,24.053684366861972
2025-01-20,126.68743436686199
2025-01-21,57.48000903320311
2025-01-22,53.138670989990224
2025-01-23,-5.368568583170571
2025-01-24,-31.717375742594395
2025-01-25,-11.291542409261066
2025-01-26,-9.156125742594408
2025-01-27,-46.43242557779947
2025-01-28,-1.1322310994466136
2025-01-29,-5.526116516113291
2025-01-30,16.789423075358073
2025-01-31,23.139181060791028
2025-02-01,17.567931060791008
2025-02-02,19.24959772745768
2025-02-03,35.83207953898111
2025-02-04,27.202969665527334
2025-02-05,23.75012696329754
2025-02-06,29.901232421875005
2025-02-07,-1.4418127034505108
2025-02-08,-13.809312703450518
2025-02-09,5.801103963216162
2025-02-10,-5.481306599934888
2025-02-11,-6.757801350911455
2025-02-12,31.8669046529134
2025-02-13,58.4093344930013
2025-02-14,66.56120417277019
2025-02-15,21.074537506103514
2025-02-16,20.067454172770187
2025-02-17,40.832037506103504
2025-02-18,23.315782887776678
2025-02-19,3.857743764241535
2025-02-20,-10.43851237996419
2025-02-21,-14.12014628092448
2025-02-22,-34.59597961425781
2025-02-23,-13.876396280924489
2025-02-24,-13.786131958007815
2025-02-25,40.792969604492185
2025-02-26,42.67116323852538
2025-02-27,25.69880305989583
2025-02-28,29.86939750162761
2025-03-01,24.743564168294263
2025-03-02,-7.785185831705723
2025-03-03,5.641884501139327
2025-03-04,10.688808624267578
2025-03-05,-14.729448699951178
2025-03-06,3.1602833658854106
2025-03-07,13.735875071207674
2025-03-08,0.42879173787435043
2025-03-09,-13.047874928792323
2025-03-10,20.07110339355469
2025-03-11,29.62870169067383
2025-03-12,30.025710042317712
2025-03-13,30.64067259724935
2025-03-14,26.243861165364585
2025-03-15,-2.0715555013020808
2025-03-16,-22.958638834635416
2025-03-17,6.200431416829426
2025-03-18,-2.0300586344400937
2025-03-19,6.75526080322266
2025-03-20,11.773647806803384
2025-03-21,-22.32512902832032
2025-03-22,-80.8876290283203
2025-03-23,-40.88471236165364
2025-03-24,33.70061079915364
2025-03-25,18.089999389648455
2025-03-26,22.24687219238281
2025-03-27,6.183471008300781
2025-03-28,-3.2900636291503744
2025-03-29,-7.119646962483721
2025-03-30,-79.94952015088953
2025-03-31,12.683540618896474
2025-04-01,-1.2019549153645688
2025-04-02,-31.295544057210286
2025-04-03,-11.122511647542316
2025-04-04,7.284827850341795
2025-04-05,-27.79850548299154
2025-04-06,-44.338505482991536
2025-04-07,12.509300140380853
2025-04-08,16.55433181762694
2025-04-09,14.708672292073569
2025-04-10,9.424117991129565
2025-04-11,-12.227072418212883
2025-04-12,-11.452905751546224
2025-04-13,-37.654572418212894
2025-04-14,19.0574819539388
2025-04-15,-8.829776295979812
2025-04-16,8.741082784016928
2025-04-17,16.982743479410807
2025-04-18,6.393993479410815
2025-04-19,-12.584339853922524
2025-04-20,-16.23975652058919
2025-04-21,0.5171834513346294
2025-04-22,34.122404286702476
2025-04-23,30.999033498128263
2025-04-24,19.45832717895508
2025-04-25,13.435114583333323
2025-04-26,-17.698218749999995
2025-04-27,-43.656135416666665
2025-04-28,0.833169047037762
2025-04-29,-0.5260448811848963
2025-04-30,0.15649095662434398
2025-05-01,-29.57318649291992
2025-05-02,-13.871147949218752
2025-05-03,-21.584481282552076
2025-05-04,-43.12031461588542
2025-05-05,11.162469726562502
2025-05-06,10.871156717936204
2025-05-07,19.118723876953133
2025-05-08,21.74948384602864
2025-05-09,1.1689497985839807
2025-05-10,-27.644383534749345
2025-05-11,-60.53813353474935
2025-05-12,-12.077865305582685
2025-05-13,-2.876632436116525
2025-05-14,-11.824440643310549
2025-05-15,-15.240450826009116
2025-05-16,-7.529143351236977
2025-05-17,-21.42622668457031
2025-05-18,-17.999976684570306
2025-05-19,14.431819437662757
2025-05-20,6.193172841389972
2025-05-21,-12.813056793212894
2025-05-22,-22.308004343668618
2025-05-23,-1.1299683329264258
2025-05-24,-25.600801666259763
2025-05-25,-59.987468332926426
2025-05-26,-10.787051666259758
2025-05-27,-22.884757395426433
2025-05-28,0.07692600504557134
2025-05-29,-24.670992004394535
2025-05-30,-30.848917948404946
2025-05-31,-8.526417948404942
2025-06-01,-39.45850128173828
2025-06-02,6.280718027750645
2025-06-03,-10.865332478841145
2025-06-04,1.0121134745279914
2025-06-05,-3.5466464742024755
2025-06-06,-34.768825876871745
2025-06-07,-23.686742543538408
2025-06-08,-60.76507587687174
2025-06-09,-48.861469421386715
2025-06-10,-26.086780639648435
2025-06-11,-11.312932840983068
2025-06-12,-24.338059834798177
2025-06-13,-35.01802884928385
2025-06-14,-42.73594551595052
2025-06-15,-25.266778849283853
2025-06-16,-5.943009877522789
2025-06-17,-5.171236328125003
2025-06-18,-8.833257944742835
2025-06-19,-32.63534127807617
2025-06-20,-5.991868235270173
2025-06-21,-20.43270156860352
2025-06-22,-51.58020156860352
2025-06-23,-53.5268186340332
2025-06-24,-35.31211635335286
2025-06-25,-1.7778917846679754
2025-06-26,12.276586812337236
2025-06-27,3.910519704182944
2025-06-28,-24.76198029581706
2025-06-29,-23.157396962483723
2025-06-30,25.701832183837887
2025-07-01,59.90178160603842
2025-07-02,25.523161102294914
2025-07-03,8.007196736653635
2025-07-04,1.5383595581054639
2025-07-05,-24.21997377522787
2025-07-06,-4.58622377522787
2025-07-07,21.74285634358725
2025-07-08,10.622816375732425
2025-07-09,12.201851399739581
2025-07-10,9.073817220052092
2025-07-11,5.757715159098314
2025-07-12,-9.868951507568351
2025-07-13,-8.634368174235032
2025-07-14,16.549429423014335
2025-07-15,10.8945839436849
2025-07-16,14.985700113932305
2025-07-17,12.72496028645833
2025-07-18,22.70374755859374
2025-07-19,-8.087919108072917
2025-07-20,-6.749169108072913
2025-07-21,22.91247943115235
2025-07-22,1.155633351643889
2025-07-23,1.8013961079915362
2025-07-24,26.64513005574544
2025-07-25,21.195291982014982
2025-07-26,14.925708648681638
2025-07-27,3.1986253153482984
2025-07-28,17.1826369527181
2025-07-29,-2.536381225585936
2025-07-30,-4.305017272949218
2025-07-31,3.8541644795735763
2025-08-01,14.173296366373709
2025-08-02,-11.870036966959642
2025-08-03,-36.76878696695964
2025-08-04,-16.148918558756506
2025-08-05,-43.87969278971354
2025-08-06,-15.683016886393228
2025-08-07,-5.341277262369788
2025-08-08,-0.08681184895833738
2025-08-09,-14.827645182291658
2025-08-10,-29.44556184895833
2025-08-11,7.230572347005214
2025-08-12,8.929315592447917
2025-08-13,23.38232649739583
2025-08-14,29.63294864908854
2025-08-15,0.4275265604654912
2025-08-16,-12.2537234395345
2025-08-17,-9.13705677286784
2025-08-18,17.759571197509764
2025-08-19,8.749564992268883
2025-08-20,15.986220062255853
2025-08-21,15.003864522298166
2025-08-22,-4.838730417887367
2025-08-23,-10.649147084554036
2025-08-24,-15.470397084554035
2025-08-25,10.237460398356124
2025-08-26,21.497968638102222
2025-08-27,28.171312652587883
2025-08-28,41.43926691691081
2025-08-29,19.40592707316081
2025-08-30,-4.519072926839188
2025-08-31,-17.095739593505854
2025-09-01,26.74301040649415
2025-09-02,46.97767783610027
2025-09-03,-10.220778686523438
2025-09-04,11.099989084879555
2025-09-05,24.196556772867844
2025-09-06,-0.2755265604654884
2025-09-07,-33.591359893798824
2025-09-08,45.566084981282536
2025-09-09,64.744997660319
2025-09-10,47.659342753092446
2025-09-11,-4.425587056477871
2025-09-12,-23.219820943196613
2025-09-13,-16.393987609863277
2025-09-14,-5.626904276529952
2025-09-15,-67.7499647623698
2025-09-16,-57.40461718750001
2025-09-17,-1.5794087320963506
2025-09-18,-12.362158935546871
2025-09-19,19.699172180175786
2025-09-20,-18.075411153157546
2025-09-21,-44.60499448649088
2025-09-22,21.748473439534507
2025-09-23,26.43558172607421
2025-09-24,3.2055862187924653
2025-09-25,5.002640096028646
2025-09-26,17.603156758626294
2025-09-27,15.441490091959633
2025-09-28,9.825240091959625
2025-09-29,54.37501420084635
2025-09-30,61.42105084228515
2025-10-01,41.87910917154947
2025-10-02,27.616073598225903
2025-10-03,-8.530965901692712
2025-10-04,-75.5834659016927
2025-10-05,-73.56336173502605
2025-10-06,7.508348022460931
2025-10-07,59.17336517333983
2025-10-08,39.80325553385417
2025-10-09,27.84138590494792
2025-10-10,19.711625488281257
2025-10-11,13.993812988281261
2025-10-12,12.49068798828125
2025-10-13,63.867991119384754
2025-10-14,80.39444902547199
2025-10-15,69.77034279378255
2025-10-16,22.762589803059903
2025-10-17,28.305784637451172
2025-10-18,19.639951304117847
2025-10-19,-0.7450486958821578
2025-10-20,6.284476409912104
2025-10-21,-8.993789306640627
2025-10-22,49.2022171529134
2025-10-23,5.065839375813804
2025-10-24,-44.035068298339844
2025-10-25,-65.13610996500651
2025-10-26,-69.84101829833985
2025-10-27,-6.696996063232424
2025-10-28,-8.681791687011714
2025-10-29,11.593975260416673
2025-10-30,-5.094127787272139
2025-10-31,18.652725799560553
2025-11-01,-26.959357533772785
2025-11-02,11.321788299560549
2025-11-03,2.2821851704915392
2025-11-04,-4.123119201660154
2025-11-05,17.284963846842437
2025-11-06,30.71291988118488
2025-11-07,36.023063130696606
2025-11-08,31.68327146402995
2025-11-09,24.223167297363283
2025-11-10,35.3521990966797
2025-11-11,22.241212595621747
2025-11-12,5.897908477783208
2025-11-13,-3.471350646972658
2025-11-14,31.805764831542955
2025-11-15,15.777535664876307
2025-11-16,26.508889831542955
2025-11-17,19.568880350748692
2025-11-18,26.10936745198568
2025-11-19,28.271173370361325
2025-11-20,51.21891269938152
2025-11-21,73.65882742309572
2025-11-22,18.424139923095705
2025-11-23,-1.3970059102376275
2025-11-24,60.38909974161783
2025-11-25,149.10418036905926
2025-11-26,90.21093249511718
2025-11-27,19.871453328450528
2025-11-28,14.821269846598314
2025-11-29,19.966269846598294
2025-11-30,13.921478179931642
2025-12-01,24.29975532023112
2025-12-02,31.68072186279297
2025-12-03,95.81295675659179
2025-12-04,57.96696247355143
2025-12-05,66.23131312052408
2025-12-06,12.559125620524084
2025-12-07,13.337250620524086
2025-12-08,4.245048146565747
2025-12-09,23.885445688883465
2025-12-10,12.529838653564457
2025-12-11,27.939024739583324
2025-12-12,45.14759707641602
2025-12-13,27.62280540974936
2025-12-14,17.912388743082687
2025-12-15,19.45191042073568
2025-12-16,40.15247928873698
2025-12-17,38.71066596476236
2025-12-18,5.9102205403645875
2025-12-19,0.6439378458658922
2025-12-20,33.63050034586588
2025-12-21,22.142583679199205
2025-12-22,17.197230733235664
2025-12-23,6.202936798095699
2025-12-24,0.13037637329100704
2025-12-25,0.4973555399576881
2025-12-26,28.40959247843424
2025-12-27,22.31896747843424
2025-12-28,23.641571645100917
2025-12-29,24.41137209065756
2025-12-30,19.22287844848632
2025-12-31,17.96455084228517
2026-01-01,-59.59503249104818
2026-01-02,-16.47358275349935
2026-01-03,17.50756307983398
2026-01-04,23.27183391316732
2026-01-05,66.50540255737305
2026-01-06,58.091462270100905
2026-01-07,28.638825419108066
2026-01-08,85.63685818481446
2026-01-09,8.869911682128903
2026-01-10,27.726265848795578
2026-01-11,25.945536682128903
2026-01-12,30.635134307861335
2026-01-13,29.580678466796876
2026-01-14,41.106718770345054
2026-01-15,21.83087027994792
2026-01-16,22.711290547688808
2026-01-17,25.24076971435547
2026-01-18,22.355561381022145
2026-01-19,52.97774888102212
2026-01-20,71.87306254069011
2026-01-21,25.82609885660807
2026-01-22,16.253771586100267
2026-01-23,17.33512207031249
2026-01-24,18.997517903645825
2026-01-25,18.970330403645843
2026-01-26,50.24248791503906
2026-01-27,40.101103108723954
2026-01-28,46.380475870768215
2026-01-29,39.74525419108075
2026-01-30,23.040261250813792
2026-01-31,18.741511250813808
2026-02-01,17.938907084147125
2026-02-02,27.558453999837248
2026-02-03,20.652520670572926
2026-02-04,23.74949615478517
2026-02-05,31.303338114420583
2026-02-06,38.697252339680986
2026-02-07,24.329439839680983
2026-02-08,20.866314839680992
2026-02-09,60.20541672770182
2026-02-10,41.343982767740876
2026-02-11,36.46294633992512
2026-02-12,27.394936065673832
2026-02-13,30.89640925089518
2026-02-14,27.59484675089519
2026-02-15,8.295055084228526
2026-02-16,18.899430084228516
2026-02-17,27.05045485432943
2026-02-18,40.11453139241535
2026-02-19,14.908264739990226
2026-02-20,11.772055369059238
2026-02-21,-12.712215464274095
2026-02-22,-21.364923797607425
2026-02-23,-6.777945241292322
2026-02-24,42.06732442220053
2026-02-25,20.479763885498052
2026-02-26,1.515074340820311
2026-02-27,-9.786092488606771
2026-02-28,-21.353592488606772
2026-03-01,-21.773488321940107
2026-03-02,-6.955161346435538
2026-03-03,-13.088162495930991
2026-03-04,39.11641125488281
2026-03-05,-1.3488140157063828
2026-03-06,6.338561971028659
2026-03-07,-7.296958862304686
2026-03-08,-14.330396362304691
2026-03-09,12.10635735066732
2026-03-10,34.23623241170247
2026-03-11,-31.540636301676436
2026-03-12,-43.02034850056965
2026-03-13,-62.222560913085935
2026-03-14,10.068064086914061
2026-03-15,-10.360685913085947
2026-03-16,-38.70530963134766
2026-03-17,12.746127370198566
2026-03-18,-30.590308939615884
2026-03-19,-19.966859018961586
2026-03-20,14.225093200683586
2026-03-21,-14.465844299316403
2026-03-22,-45.55803179931641
2026-03-23,17.992887573242196
2026-03-24,-42.08613209025064
2026-03-25,-78.70154029337564
2026-03-26,-29.72548217773437
2026-03-27,-0.5812268575032569
2026-03-28,-38.10768519083658
2026-03-29,-50.22782558938731
2026-03-30,-61.969564737955736
2026-03-31,5.388100697835279
2026-04-01,38.091401662190776
2026-04-02,3.120442535400402
2026-04-03,-26.278203297932947
2026-04-04,-77.83955746459962
2026-04-05,-127.25507829793294
2026-04-06,-107.860324412028
2026-04-07,-27.46135746256511
2026-04-08,-14.56222265625
2026-04-09,-21.872932444254555
2026-04-10,21.227127553304037
2026-04-11,-51.76599744669596
2026-04-12,-18.60745578002929
2026-04-13,23.366062571207685
2026-04-14,40.006800526936836
2026-04-15,23.386612375895183
2026-04-16,14.432386789957672
2026-04-17,15.541244455973299
2026-04-18,-4.520734710693361
2026-04-19,-8.294276377360035
2026-04-20,5.597844645182295
2026-04-21,-12.713469848632807
2026-04-22,-19.753642110188803
2026-04-23,-36.13618532307942
2026-04-24,-25.09370456949869
2026-04-25,-85.07412123616535
2026-04-26,-98.21839206949869
2026-04-27,-2.540144236246748
2026-04-28,-28.12017903645833
2026-04-29,-39.686372751871744
2026-04-30,-31.511900858561198
2026-05-01,-105.2430195719401
2026-05-02,-44.31354040527343
2026-05-03,-28.192394571940106
2026-05-04,23.048753245035805
2026-05-05,23.017779459635435
2026-05-06,22.860903096516935
2026-05-07,37.29898634847004
2026-05-08,14.023962636311856
2026-05-09,-11.45697486368814
2026-05-10,-22.698537363688153
2026-05-11,14.962935139973967
2026-05-12,-11.750363800048829
2026-05-13,8.04613854980469
2026-05-14,-12.227804056803377
2026-05-15,-2.31290669759116
2026-05-16,-33.82749003092448
2026-05-17,-29.122698364257815
2026-05-18,26.689378885904947
2026-05-19,12.801433787027987
2026-05-20,-1.7278734741211004
2026-05-21,-1.3945788675943955
2026-05-22,-2.897599995930994
2026-05-23,-29.463954162597652
2026-05-24,-42.522704162597655
2026-05-25,-27.79957916259766
2026-05-26,-9.216404195149748
2026-05-27,-21.00548488362631
2026-05-28,16.056538798014316
2026-05-29,-1.4852358398437637
2026-05-30,-18.501590006510423
2026-05-31,-14.466590006510412
2026-06-01,41.37876770019531
2026-06-02,14.537716389973953
2026-06-03,-7.3450920206705685
2026-06-04,-48.336292643229164
2026-06-05,-8.592967814127608
2026-06-06,-20.53390531412761
2026-06-07,-66.29025948079428
2026-06-08,12.631681070963541
2026-06-09,-12.534671630859382
2026-06-10,10.486321675618496
2026-06-11,0.6976803588867249
2026-06-12,-8.044747619628899
2026-06-13,-78.6888101196289
2026-06-14,-80.38672678629557
2026-06-15,-23.040408833821616
2026-06-16,17.183723978678387
2026-06-17,21.548236165364578
2026-06-18,46.58766198730468
2026-06-19,14.852036987304679
2026-06-20,-5.859004679361966
2026-06-21,-10.327338012695314
2026-06-22,27.84798415120443
2026-06-23,78.63294645182292
2026-06-24,113.76170131429036
2026-06-25,40.41713944498697
2026-06-26,41.376931335449214
2026-06-27,5.686514668782564
2026-06-28,-8.73421449788411
2026-06-29,42.96052252197266
2026-06-30,88.23609873453776
2026-07-01,53.7119974568685
2026-07-02,-26.923503723144528
2026-07-03,-40.69027455647786
2026-07-04,-36.831316223144526
2026-07-05,-37.4782953898112
2026-07-06,-1.887933593750006
2026-07-07,-32.72554915364582
2026-07-08,-11.392418212890629
2026-07-09,11.780378621419283
2026-07-10,14.084481465657543
2026-07-11,-14.98551853434245
2026-07-12,-34.36260186767578
2026-07-13,4.185545674641929
2026-07-14,5.5972140096028795
2026-07-15,15.3055255533854
2026-07-16,38.13346746826173
2026-07-17,13.638923522949202
2026-07-18,-44.527743143717444
2026-07-19,-56.03128481038412
2026-07-20,-26.92404282633464
2026-07-21,-18.907853739420567
2026-07-22,-37.585550109863284
2026-07-23,-18.716077779134118
2026-07-24,-9.092493754069025
2026-07-25,-48.50832708740235
2026-07-26,-49.455931254069014
2026-07-27,-51.833879821777344
2026-07-28,-10.970888854980464
2026-07-29,-6.309769999186198
2026-07-30,-7.427142171223956
2026-07-31,18.030293375651055
2026-08-01,-10.818456624348967
2026-08-02,-25.10595662434895
2026-08-03,0.6949929199218623
2026-08-04,25.47449818929035
2026-08-05,-6.7977776082356645
2026-08-06,-24.577947285970055
2026-08-07,-1.7145867716471273
2026-08-08,-24.70469093831381
2026-08-09,-29.31677427164714
2026-08-10,-16.276634501139334
2026-08-11,-19.692022054036457
2026-08-12,3.819330973307297
2026-08-13,13.623641723632822
2026-08-14,4.842555155436202
2026-08-15,-15.390361511230466
2026-08-16,2.5852634887695274
2026-08-17,40.59179455566404
2026-08-18,24.014454630533855
2026-08-19,26.546376790364604
2026-08-20,4.91306256103514
2026-08-21,25.102967549641928
2026-08-22,-42.96994911702474
2026-08-23,-58.893699117024724
2026-08-24,-6.22973738606769
2026-08-25,-4.647727925618508
2026-08-26,9.698182596842436
2026-08-27,-23.31520760091146
2026-08-28,-3.218419108072908
2026-08-29,-60.42383577473959
2026-08-30,-71.14362744140625
2026-08-31,-40.572312601725265
2026-09-01,-13.41980442301432
2026-09-02,3.5525204060872326
2026-09-03,-22.785891092936186
2026-09-04,-67.78620151774089
2026-09-05,-114.59974318440754
2026-09-06,-49.185055684407544
2026-09-07,-0.8592223510742087
2026-09-08,-17.953503662109384
2026-09-09,-28.215825012207027
2026-09-10,14.845243143717438
2026-09-11,23.423912434895833
2026-09-12,-33.84337923177083
2026-09-13,-5.699837565104167
2026-09-14,78.44498809814449
2026-09-15,7.401101277669271
2026-09-16,13.758802225748713
2026-09-17,-22.473577026367202
2026-09-18,-51.20432175699871
2026-09-19,-129.06484259033203
2026-09-20,-149.97755092366538
2026-09-21,-62.51617608642577
2026-09-22,66.83233571370442
2026-09-23,24.27689933268229
2026-09-24,-24.463689825760696
2026-09-25,34.265994384765634
